{
    "q_table": {
        "OS:Low_ERR:High_SET:Slow_TRQ:Safe": [
            0.0,
            0.0,
            0.0,
            0.0,
            0.0,
            0.0,
            0.0,
            0.0,
            0.0,
            0.0,
            0.0,
            7.985497591313649,
            0.0,
            0.0,
            0.0,
            0.0,
            0.0,
            0.0,
            0.0,
            0.0,
            0.0,
            0.0,
            0.0,
            0.0,
            0.0,
            0.0,
            0.0
        ]
    },
    "params": {
        "Kp": 0.40000000000000013,
        "Ki": 0.02,
        "Kd": 0.10000000000000002
    },
    "epsilon": 0.4803465217877185
}