{
    "q_table": {
        "OS:Low_ERR:High_SET:Slow_TRQ:Safe": [
            0.0,
            0.0,
            0.0,
            0.0,
            0.0,
            0.0,
            0.0,
            0.0,
            0.0,
            0.0,
            0.0,
            7.985497591313649,
            0.0,
            0.0,
            0.0,
            0.0,
            0.0,
            0.0,
            0.0,
            0.0,
            0.0,
            0.0,
            0.0,
            0.0,
            0.0,
            0.0,
            0.0
        ]
    },
    "params": {
        "Kp": 0.6000000000000001,
        "Ki": 0.01,
        "Kd": 0.1
    },
    "epsilon": 0.4925374375
}